{"cameraMode":{"drawMode":0,"name":"Shaded","section":"Shading Mode"},"sceneLighting":false,"audioPlay":false,"sceneViewState":{"m_AlwaysRefresh":false,"showFog":true,"showSkybox":false,"showFlares":true,"showImageEffects":true,"showParticleSystems":true,"showVisualEffectGraphs":true,"m_FxEnabled":true},"in2DMode":false,"pivot":{"x":-25.835540771484376,"y":3.7312467098236086,"z":-8.251814842224121},"rotation":{"x":-0.0008144460734911263,"y":-0.9987691640853882,"z":0.016791854053735734,"w":-0.04831194132566452},"size":4.397928237915039,"orthographic":false}