{"cameraMode":{"drawMode":0,"name":"Shaded","section":"Shading Mode"},"sceneLighting":true,"audioPlay":false,"sceneViewState":{"m_AlwaysRefresh":true,"showFog":true,"showSkybox":true,"showFlares":true,"showImageEffects":true,"showParticleSystems":true,"showVisualEffectGraphs":true,"m_FxEnabled":true},"in2DMode":false,"pivot":{"x":11.785778999328614,"y":-5.010298728942871,"z":-29.058795928955079},"rotation":{"x":0.015013557858765126,"y":-0.9790377616882324,"z":0.18759147822856904,"w":0.07859022915363312},"size":17.055313110351564,"orthographic":false}