{"cameraMode":{"drawMode":0,"name":"Shaded","section":"Shading Mode"},"sceneLighting":true,"audioPlay":false,"sceneViewState":{"m_AlwaysRefresh":true,"showFog":true,"showSkybox":true,"showFlares":true,"showImageEffects":true,"showParticleSystems":true,"showVisualEffectGraphs":true,"m_FxEnabled":true},"in2DMode":false,"pivot":{"x":1.1314114332199097,"y":1.790063738822937,"z":6.245971202850342},"rotation":{"x":-0.11448732763528824,"y":-0.20448435842990876,"z":0.024502025917172433,"w":-0.9721285104751587},"size":5.138031959533691,"orthographic":false}