{"cameraMode":{"drawMode":0,"name":"Shaded","section":"Shading Mode"},"sceneLighting":true,"audioPlay":false,"sceneViewState":{"m_AlwaysRefresh":true,"showFog":true,"showSkybox":true,"showFlares":true,"showImageEffects":true,"showParticleSystems":true,"showVisualEffectGraphs":true,"m_FxEnabled":true},"in2DMode":false,"pivot":{"x":0.7432361245155335,"y":10.005282402038575,"z":-4.019119739532471},"rotation":{"x":0.37921157479286196,"y":-0.13552483916282655,"z":0.0561879463493824,"w":0.9138896465301514},"size":23.72618865966797,"orthographic":false}