{"cameraMode":{"drawMode":0,"name":"Shaded","section":"Shading Mode"},"sceneLighting":true,"audioPlay":false,"sceneViewState":{"m_AlwaysRefresh":true,"showFog":true,"showSkybox":true,"showFlares":true,"showImageEffects":true,"showParticleSystems":true,"showVisualEffectGraphs":true,"m_FxEnabled":true},"in2DMode":false,"pivot":{"x":22.669404983520509,"y":2.8673596382141115,"z":-7.009805679321289},"rotation":{"x":-0.053533513098955157,"y":0.35368502140045168,"z":-0.020382128655910493,"w":-0.9336821436882019},"size":5.999242782592773,"orthographic":false}