{"cameraMode":{"drawMode":0,"name":"Shaded","section":"Shading Mode"},"sceneLighting":true,"audioPlay":false,"sceneViewState":{"m_AlwaysRefresh":true,"showFog":true,"showSkybox":true,"showFlares":true,"showImageEffects":true,"showParticleSystems":true,"showVisualEffectGraphs":true,"m_FxEnabled":true},"in2DMode":false,"pivot":{"x":1051.638427734375,"y":279.6417541503906,"z":-199.32159423828126},"rotation":{"x":0.028171198442578317,"y":-0.03237214311957359,"z":-0.0009981909533962608,"w":-0.9991447925567627},"size":154.973388671875,"orthographic":false}