{"cameraMode":{"drawMode":0,"name":"Shaded","section":"Shading Mode"},"sceneLighting":false,"audioPlay":false,"sceneViewState":{"m_AlwaysRefresh":true,"showFog":true,"showSkybox":false,"showFlares":true,"showImageEffects":true,"showParticleSystems":true,"showVisualEffectGraphs":true,"m_FxEnabled":true},"in2DMode":false,"pivot":{"x":5.67039680480957,"y":3.019230365753174,"z":-0.49559593200683596},"rotation":{"x":-0.05328246206045151,"y":0.2990746796131134,"z":-0.016589907929301263,"w":-0.9529145359992981},"size":16.401416778564454,"orthographic":false}