{"cameraMode":{"drawMode":0,"name":"Shaded","section":"Shading Mode"},"sceneLighting":false,"audioPlay":false,"sceneViewState":{"m_AlwaysRefresh":true,"showFog":true,"showSkybox":false,"showFlares":true,"showImageEffects":true,"showParticleSystems":true,"showVisualEffectGraphs":true,"m_FxEnabled":true},"in2DMode":false,"pivot":{"x":45.388484954833987,"y":11.510082244873047,"z":3.1576755046844484},"rotation":{"x":0.04667671024799347,"y":-0.7203812599182129,"z":0.04911869391798973,"w":0.6903279423713684},"size":1.401298464324817e-45,"orthographic":false}